name,mol_wt,num_atoms,num_rings,num_HBD,num_HBA,logP,TPSA,num_rot_bonds,num_aromatic_rings,num_aliphatic_rings,num_saturated_rings,num_heteroatoms
alfentanil,416.5260000000002,30,3,0,8,1.3839000000000006,85.49000000000001,9,2,1,1,9
telithromycin,812.0179999999997,58,5,1,14,4.929200000000005,171.84999999999997,11,2,3,3,15
simeprevir,749.956,52,7,2,10,5.254120000000004,156.88999999999996,8,3,4,3,14
pentamidine isethionate,592.6930000000003,39,2,8,10,0.6158400000000022,267.4,14,2,0,0,16
penicillamine,149.215,9,0,3,3,0.10670000000000035,63.31999999999999,2,0,0,0,4
lamivudine,229.261,15,2,2,7,-0.5941000000000001,90.36999999999999,2,1,1,1,7
atorvastatin,558.6500000000002,41,4,4,5,6.313600000000007,111.79000000000002,12,4,0,0,8
retigabine,303.337,22,2,3,4,3.588400000000001,76.38,5,2,0,0,6
levetiracetam,170.212,12,1,1,2,-0.12729999999999997,63.400000000000006,3,0,1,1,4
azelaic acid,188.22299999999996,13,0,2,2,1.8863,74.6,8,0,0,0,4
azelastine,381.90700000000015,27,4,0,4,4.297500000000004,38.13,3,3,1,1,5
azathioprine,277.26900000000006,19,3,1,8,1.1458,115.42000000000002,3,3,0,0,10
bromazepam,316.158,19,3,1,3,2.6336000000000004,54.35,1,2,1,0,5
aminophylline,420.4340000000002,30,4,4,12,-3.1755999999999975,197.40000000000003,1,4,0,0,14
medroxyprogesterone,344.4950000000001,25,4,1,3,4.084400000000003,54.37,1,0,4,3,3
sodium oxybate,126.08699999999999,8,0,1,3,-4.487199999999998,60.36,3,0,0,0,4
tipranavir,602.6750000000001,42,4,2,6,7.325500000000007,105.59,11,3,1,0,11
prucalopride,367.8770000000002,25,3,2,5,2.0878,76.82,6,1,2,1,7
tiagabine,375.559,25,3,1,4,5.044840000000004,40.540000000000006,6,2,1,1,5
guanfacine,246.09699999999998,15,1,2,1,1.3358999999999996,81.47,2,1,0,0,6
sevelamer,149.62099999999998,9,1,1,2,0.7551,38.55,2,0,1,1,3
sufentanil,386.5610000000001,27,3,0,4,4.214800000000004,32.78,8,2,1,1,5
cisatracurium,929.1609999999998,67,6,0,12,8.06550000000001,126.44000000000003,24,4,2,0,14
cefixime,453.45800000000014,30,3,4,10,-0.5447999999999986,184.51,8,1,2,1,14
terconazole,532.4720000000002,36,5,0,8,4.462700000000003,64.88,8,3,2,2,10
rifabutin,847.0189999999994,61,6,5,14,4.749420000000005,209.04,4,2,4,1,15
octreotide,1019.2610000000002,71,5,13,14,-0.8053999999999939,332.22,17,4,1,1,22
fexofenadine,501.6670000000001,37,4,3,4,5.5105000000000075,81.0,10,3,1,1,5
thiotepa,189.22399999999996,11,3,0,1,0.15769999999999995,9.03,3,0,3,3,5
fentanyl,336.479,25,3,0,2,4.136700000000003,23.550000000000004,6,2,1,1,3
lubiprostone,390.4670000000001,27,2,2,4,4.309900000000004,83.83000000000001,11,0,2,2,7
methyl aminolevulinate,145.158,10,0,1,4,-0.5326000000000002,69.39,4,0,0,0,4
trazodone,371.87200000000007,26,4,0,6,2.3617,45.78,5,3,1,1,7
decitabine,228.20799999999997,16,2,3,8,-2.1387999999999985,123.49000000000001,2,1,1,1,8
dronedarone,556.7690000000003,39,3,1,6,7.0490000000000075,88.85,18,3,0,0,8
benzoyl peroxide,242.23,18,2,0,4,2.615400000000001,52.6,2,2,0,0,4
dasatinib,488.01700000000034,33,4,3,9,3.313540000000002,106.50999999999999,7,3,1,1,11
insulin glargine,6062.996999999995,423,12,85,86,-21.12019000000025,2437.980000000002,136,9,3,3,156
delavirdine,456.5720000000001,32,4,3,6,2.7171000000000003,110.43,6,3,1,1,10
tadalafil,389.4110000000001,29,6,1,4,2.2113000000000005,74.87,1,3,3,1,7
vardenafil,488.61400000000043,34,4,1,8,2.0704199999999995,112.89999999999999,8,3,1,1,11
moexipril,498.5760000000004,36,3,2,7,2.5843000000000007,114.40000000000002,11,2,1,0,9
chlormethine,156.056,8,0,0,1,1.3958,3.24,4,0,0,0,3
rilpivirine,366.4280000000001,28,3,2,6,4.989100000000002,97.41999999999999,5,3,0,0,6
terbinafine,291.438,22,2,0,1,4.877300000000004,3.24,4,2,0,0,1
melphalan,305.2049999999999,19,1,2,3,1.925,66.55999999999999,8,1,0,0,6
penciclovir,253.262,18,2,4,7,-1.307299999999999,130.05,5,2,0,0,8
clobetasol,410.91300000000007,28,4,2,4,3.1422000000000017,74.60000000000001,2,0,4,3,6
lercanidipine,611.7390000000001,45,4,1,8,6.478400000000009,111.01,12,3,1,0,9
irinotecan,586.689,43,7,1,9,4.0911000000000035,114.19999999999999,4,3,4,2,10
duloxetine,297.423,21,3,1,3,4.630900000000003,21.259999999999998,6,3,0,0,3
tiotropium bromide,472.42600000000004,27,5,1,6,-0.6502999999999988,59.06,4,2,3,3,8
vernakalant,349.4710000000001,25,3,1,5,2.6407000000000007,51.16000000000001,7,1,2,2,5
irbesartan,428.5400000000001,32,5,1,5,4.777400000000004,87.13000000000001,7,3,2,1,7
ipratropium bromide,412.368,25,3,1,3,-0.14189999999999792,46.53,5,1,2,2,5
afatinib,485.94700000000023,34,4,2,7,4.389900000000003,88.61000000000001,8,3,1,1,10
betaine,117.14799999999998,8,0,0,2,-1.5574999999999983,40.129999999999995,2,0,0,0,3
nalmefene,339.4350000000001,25,6,2,4,2.5125000000000006,52.93000000000001,2,1,5,3,4
nateglinide,317.4290000000001,23,2,2,2,3.2609000000000012,66.4,6,1,1,1,4
doxycycline,444.4400000000001,32,4,6,9,-0.5041999999999984,181.62000000000003,2,1,3,1,10
eptifibatide,831.9789999999996,57,4,10,11,-2.0543999999999984,326.38999999999993,10,2,2,2,22
ertapenem,475.5230000000002,33,4,5,7,0.9406999999999996,156.26999999999998,7,1,3,2,11
iloprost,360.4940000000001,26,2,3,3,3.5413000000000032,77.76,8,0,2,2,4
pindolol,248.32600000000002,18,2,3,3,1.9055999999999997,57.28,6,2,0,0,4
pioglitazone,356.44700000000006,25,3,1,5,3.159600000000001,68.28999999999999,7,2,1,1,6
ifosfamide,261.08899999999994,14,1,1,2,1.884,41.57,5,0,1,1,7
everolimus,958.24,68,4,3,14,6.197200000000008,204.65999999999994,9,0,4,3,15
imipramine,280.415,21,3,0,2,3.8750000000000027,6.48,4,2,1,0,2
tolvaptan,448.9500000000003,32,4,2,3,5.683140000000005,69.64,3,3,1,0,6
elvitegravir,447.8900000000001,31,3,2,5,4.281000000000003,88.76,7,3,0,0,8
ribavirin,244.20699999999994,17,2,4,8,-3.0114999999999994,143.72000000000003,3,1,1,1,9
darifenacin,426.56000000000034,32,5,1,3,3.9575000000000022,55.56,7,3,2,1,4
beclometasone,408.9220000000001,28,4,3,5,2.165,94.83000000000001,2,0,4,3,6
gadoversetamide,661.7670000000004,36,0,2,13,-7.332700000000013,206.77,22,0,0,0,16
exenatide,4186.6369999999815,295,9,58,60,-20.604330000000342,1749.7499999999989,134,5,4,4,111
dolutegravir,419.38400000000007,30,4,2,6,1.3527999999999996,100.87,3,2,2,1,10
etravirine,435.28500000000014,28,3,2,7,4.717400000000003,120.63999999999999,4,3,0,0,8
rifaximin,785.8909999999998,57,6,5,13,6.157840000000006,198.37999999999997,2,4,2,0,14
cetirizine,388.8950000000001,27,3,1,4,3.1482000000000028,53.010000000000005,8,2,1,1,6
flecainide,414.346,28,2,2,4,3.4407000000000014,59.59,7,1,1,1,11
nitazoxanide,307.28700000000003,21,2,1,7,2.2289000000000003,111.43,4,2,0,0,9
cabergoline,451.61500000000024,33,4,2,4,3.193900000000002,71.67999999999999,8,2,2,1,7
almotriptan,335.4730000000002,23,3,1,3,2.1976000000000004,56.410000000000004,6,2,1,1,6
armodafinil,273.35699999999997,19,2,1,2,2.01,60.16,5,2,0,0,4
agomelatine,243.30599999999998,18,2,1,2,2.527000000000001,38.33,4,2,0,0,3
levobupivacaine,288.43500000000006,21,2,1,2,3.8965400000000026,32.34,5,1,1,1,3
toremifene,405.96900000000005,29,3,0,2,6.215000000000006,12.47,9,3,0,0,3
famciclovir,321.33700000000016,23,2,1,9,0.5409999999999998,122.22,7,2,0,0,9
entacapone,305.2900000000001,22,1,2,6,1.7813799999999995,127.70000000000002,5,1,0,0,8
vorapaxar,492.59100000000024,36,5,1,5,5.6295000000000055,77.52000000000001,5,2,3,3,7
ketorolac,255.273,19,3,1,3,2.291,59.3,3,2,1,0,4
repaglinide,452.5950000000003,33,3,2,4,5.219900000000005,78.87,10,2,1,1,6
saquinavir,670.8550000000001,49,5,5,7,3.0924000000000027,166.74999999999997,12,3,2,2,11
phenytoin,252.273,19,3,2,2,1.7696,58.2,2,2,1,1,4
reboxetine,313.39699999999993,23,3,1,4,3.1938000000000013,39.72,6,2,1,1,4
solifenacin,362.473,27,6,0,3,3.864900000000003,32.78,2,2,4,3,4
oxybutynin,357.494,26,2,1,4,3.3429000000000024,49.769999999999996,7,1,1,1,4
amiloride,229.63099999999997,15,1,4,5,-1.2919999999999998,159.29,1,1,0,0,9
acetylcysteine,163.198,10,0,3,3,-0.4945,66.4,3,0,0,0,5
moxifloxacin,401.43800000000016,29,5,2,6,2.3705,83.8,4,2,3,3,8
telaprevir,679.8629999999999,49,5,4,8,2.4459000000000026,179.56,13,1,4,4,13
aripiprazole,448.3940000000001,30,4,1,4,4.859300000000005,44.81,7,2,2,1,7
iodine ioflupane (123I),427.29058899999995,23,3,0,3,3.7603000000000026,29.54,5,1,2,2,5
tolcapone,273.244,20,2,2,5,2.545420000000002,100.67,3,2,0,0,6
chlortalidone,338.77200000000005,22,3,3,4,0.9242000000000001,109.49000000000001,2,2,1,0,8
imatinib,493.61500000000024,37,5,2,7,4.590320000000003,86.28000000000002,7,4,1,1,8
trandolapril,430.54500000000036,31,3,2,5,2.7733,95.94000000000001,9,1,2,2,7
erythropoietin,461.01000000000016,31,4,1,6,0.8998999999999995,90.82000000000001,8,4,0,0,9
arsenic trioxide,197.841,5,0,0,0,-1.118,85.5,0,0,0,0,5
sparfloxacin,392.4060000000001,28,4,3,6,2.0815999999999995,100.58999999999999,3,2,2,2,9
avanafil,483.96000000000026,34,4,3,9,2.4318000000000004,125.39,9,3,1,1,11
bosentan,551.6250000000002,39,4,2,10,4.203900000000003,145.65,10,4,0,0,12
eliglustat,404.55100000000016,29,3,2,5,3.432300000000003,71.03000000000002,11,1,2,1,6
oritavancin,1793.1250000000005,125,15,20,28,4.495200000000007,560.9799999999998,19,7,8,3,39
acebutolol,336.4320000000001,24,1,3,5,2.3655,87.66,10,1,0,0,6
pomalidomide,273.248,20,3,2,5,-0.33000000000000046,109.57000000000001,1,1,2,1,7
torasemide,348.42800000000005,24,2,3,5,2.5299200000000006,100.19,5,2,0,0,8
teriflunomide,270.21,19,1,2,3,2.999480000000001,73.12,2,1,0,0,7
cladribine,285.691,19,3,3,8,-0.2974000000000001,119.31,2,2,1,1,9
corticotropin,4541.14199999999,322,12,63,61,-15.1620900000003,1836.2499999999984,145,8,4,4,115
tinidazole,247.27599999999998,16,1,0,6,0.5344199999999997,95.1,5,1,0,0,8
tacrolimus,804.0310000000002,57,4,3,12,4.639000000000004,178.35999999999999,7,0,4,3,13
colesevelam,618.2630000000005,39,1,3,4,4.112200000000007,62.61,22,0,1,1,8
dicloxacillin,470.3340000000002,30,4,2,6,3.2021200000000007,112.74,4,2,2,2,11
diclofenac,296.153,19,2,2,2,4.364100000000001,49.33,4,2,0,0,5
oxcarbazepine,252.273,19,3,1,2,2.6422,63.400000000000006,0,2,1,0,4
ruxolitinib,306.37300000000005,23,4,1,5,3.466380000000002,83.17999999999999,4,3,1,1,6
nicorandil,211.17699999999994,15,1,1,5,0.019699999999999884,94.36,5,1,0,0,7
alprostadil,354.487,25,1,3,4,3.475100000000003,94.83000000000001,13,0,1,1,5
sofosbuvir,529.4580000000002,36,3,3,10,1.6564999999999994,158.17999999999995,10,2,1,1,14
aprepitant,534.4320000000002,37,4,2,5,4.952100000000002,83.24000000000001,6,3,1,1,14
mirabegron,396.51600000000013,28,3,4,6,2.7722,100.27,9,3,0,0,7
colestyramine,435.1400000000002,30,2,1,1,4.798600000000005,35.0,8,2,0,0,3
bromocriptine,654.6060000000002,43,7,3,6,3.1928000000000023,118.21000000000002,5,2,5,3,11
milnacipran,246.354,18,2,1,2,1.7713999999999996,46.33,5,1,1,1,3
ritonavir,720.9620000000002,50,4,4,9,5.905200000000007,145.78,17,4,0,0,13
enalapril,376.45300000000026,27,2,2,5,1.6046,95.94000000000001,9,1,1,1,7
lorcaserin,195.693,13,2,1,1,2.589200000000001,12.03,0,1,1,0,2
telmisartan,514.6290000000002,39,6,1,5,7.2644200000000065,72.94,7,6,0,0,6
regorafenib,482.8210000000001,33,3,3,4,5.688800000000001,92.35,5,3,0,0,12
eribulin,729.9080000000001,52,10,2,12,3.4380000000000046,146.39000000000001,4,0,10,10,12
colchicine,399.44300000000015,29,3,1,6,2.8716000000000017,83.09000000000002,5,2,1,0,7
remifentanil,376.45300000000015,27,2,0,6,2.0002999999999997,76.15000000000002,7,1,1,1,7
miglustat,219.28099999999998,15,1,4,5,-1.4542999999999995,84.16000000000001,4,0,1,1,5
pentoxifylline,278.31200000000007,20,2,0,7,0.1930000000000005,78.89,5,2,0,0,7
colestilan,174.63099999999997,11,2,1,2,1.3421199999999998,41.21,1,1,1,1,4
efavirenz,315.67799999999994,21,3,1,2,4.073100000000001,38.33,0,1,2,1,7
gliclazide,323.4180000000002,22,3,2,4,1.6298200000000003,78.50999999999999,3,1,2,2,7
anagrelide,256.092,16,3,1,3,1.9263000000000001,44.7,0,1,2,1,6
anastrozole,293.374,22,2,0,5,2.9287600000000014,78.28999999999999,4,2,0,0,5
oxaliplatin,397.288,15,1,2,2,1.5551000000000001,122.20000000000002,0,0,1,1,7
apraclonidine,245.11299999999997,15,2,3,4,1.9466999999999999,62.44,1,1,1,0,6
nelarabine,297.2710000000001,21,3,4,10,-1.9713999999999987,148.77,3,2,1,1,10
amphotericin B,924.091000000001,65,3,12,17,0.7117000000000056,319.60999999999996,3,0,3,2,18
fulvestrant,606.7820000000008,41,4,2,3,8.682600000000004,57.53,14,1,3,2,9
brimonidine,292.14,17,3,2,5,1.7633999999999996,62.2,1,2,1,0,6
ivacaftor,392.4990000000002,29,3,3,3,5.081000000000004,82.19,2,3,0,0,5
glyceryl trinitrate,227.08499999999995,15,0,0,9,-1.0200999999999996,157.11,8,0,0,0,12
carfilzomib,719.924,52,4,4,8,2.5835000000000052,158.47,20,2,2,2,12
canagliflozin,444.52400000000017,31,4,4,6,2.968320000000003,90.15,5,3,1,1,7
isradipine,371.39300000000014,27,3,1,8,2.582200000000001,103.55,4,2,1,0,8
gadobenic acid,667.7260000000005,37,1,0,14,-7.547700000000013,219.6,20,1,0,0,15
hydroxyprogesterone,330.4680000000001,24,4,1,3,3.838400000000003,54.370000000000005,1,0,4,3,3
pyridostigmine,181.21499999999997,13,1,0,2,0.5714999999999999,33.42,1,1,0,0,4
quazepam,386.80100000000004,25,3,0,2,5.026200000000002,15.6,2,2,1,0,8
indometacin,357.7930000000002,25,3,1,4,3.9273200000000026,68.53,4,3,0,0,6
liraglutide,3751.2619999999843,266,6,54,49,-10.161660000000166,1513.7599999999993,130,6,0,0,94
apixaban,459.5060000000003,34,5,1,6,2.6996,110.76,5,3,2,1,9
lanreotide,1096.3469999999998,77,6,13,14,0.8215999999999999,355.08,17,5,1,1,23
voriconazole,349.31600000000003,25,3,1,6,2.1769000000000003,76.72,5,3,0,0,9
felbamate,238.24299999999994,17,1,2,4,0.9608000000000003,104.64,5,1,0,0,6
clomifene,405.9690000000001,29,3,0,2,6.562600000000007,12.47,9,3,0,0,3
tiaprofenic acid,260.31399999999996,18,2,1,3,3.167200000000001,54.370000000000005,4,2,0,0,4
fenofibrate,360.837,25,2,0,4,4.680000000000004,52.6,6,2,0,0,5
alosetron,294.35800000000006,22,4,1,3,2.4083200000000007,53.92,2,3,1,0,5
desirudin,6963.528999999986,483,10,99,108,-40.781499999999575,3086.8900000000053,165,4,6,6,196
histrelin,1323.5280000000005,96,8,15,16,-0.9967000000000052,449.3599999999999,34,6,2,2,30
calcium folinate,511.50800000000027,35,3,5,11,-3.7812999999999963,225.5,10,2,1,0,15
naftifine,287.406,22,3,0,1,4.985000000000004,3.24,5,3,0,0,1
midodrine,254.28599999999997,18,1,3,5,-0.18790000000000023,93.81,6,1,0,0,6
midazolam,325.774,23,4,0,3,4.324220000000002,30.18,1,3,1,0,5
didanosine,236.231,17,3,2,6,-0.21050000000000008,93.03,2,2,1,1,7
conivaptan,498.5860000000002,38,6,2,3,6.507320000000005,78.09,4,5,1,0,6
enfuvirtide,4491.944999999984,319,9,63,60,-15.378400000000315,1902.8899999999985,151,9,0,0,115
lisdexamfetamine,263.38499999999993,19,1,3,3,1.1901000000000006,81.14,8,1,0,0,4
butorphanol,327.46799999999996,24,5,2,3,3.3656000000000033,43.7,2,1,4,3,3
romidepsin,540.7080000000002,36,2,4,8,1.4296000000000006,142.7,2,0,2,1,12
nadolol,309.40600000000006,22,2,4,5,0.6348,81.95,5,1,1,0,5
florbetapir (18F),359.4319380000002,26,2,1,5,3.675200000000003,52.610000000000014,12,2,0,0,6
flunisolide,434.50400000000013,31,5,2,6,2.2747000000000006,93.06000000000002,2,0,5,4,7
daunorubicin,527.5260000000003,38,5,5,11,1.0288999999999995,185.84,4,2,3,1,11
fosamprenavir,585.6160000000002,39,3,4,8,2.5198,177.72000000000003,13,2,1,1,14
sodium phenylbutyrate,186.18599999999998,13,1,0,2,-2.236799999999998,40.129999999999995,4,1,0,0,3
metolazone,365.8420000000001,24,3,2,4,2.7141200000000003,92.5,2,2,1,0,8
metoprolol,267.36899999999997,19,1,2,4,1.6131999999999997,50.72,9,1,0,0,4
metronidazole,171.15599999999998,12,1,1,5,0.09201999999999982,81.19,3,1,0,0,6
gemifloxacin,389.3870000000001,28,4,2,8,0.9659999999999995,123.04,5,2,2,2,10
mexiletine,179.26299999999995,13,1,1,2,2.0294399999999997,35.25,3,1,0,0,2
perampanel,349.39300000000003,27,4,0,4,4.438180000000004,58.68,3,4,0,0,4
linagliptin,472.5530000000002,35,5,1,10,1.1474200000000006,116.85999999999999,4,4,1,1,10
glatiramer acetate,623.6570000000005,43,1,12,12,-1.3538999999999932,374.13,13,1,0,0,18
dalteparin,1134.934000000001,70,4,15,30,-10.711900000000018,610.4900000000001,21,0,4,4,44
dexmethylphenidate,233.31100000000004,17,2,1,3,2.0853,38.33,3,1,1,1,3
raltitrexed,458.4960000000002,32,3,4,7,1.9772199999999995,152.69,9,3,0,0,11
tesamorelin,5135.862999999984,361,3,83,72,-27.031080000000056,2339.3699999999994,181,3,0,0,140
pimozide,461.55600000000015,34,5,1,3,5.8570000000000055,41.03,7,4,1,1,6
alendronic acid,249.09599999999998,14,0,6,4,-1.2732000000000003,161.31000000000003,5,0,0,0,10
albendazole,265.338,18,2,2,4,3.2433000000000005,67.01,4,2,0,0,6
salbutamol,239.315,17,1,4,4,1.3059999999999998,72.72,4,1,0,0,4
latanoprost,432.60100000000017,31,2,3,5,4.186400000000006,86.99000000000001,13,1,1,1,5
glycerol phenylbutyrate,530.6610000000004,39,3,0,6,6.053300000000006,78.9,17,3,0,0,6
sunitinib,398.48200000000014,29,3,3,3,3.3349400000000022,77.23,7,2,1,0,7
asenapine,285.774,20,4,0,2,4.258500000000003,12.47,0,2,2,1,3
rizatriptan,269.352,20,3,1,4,1.9118,49.74,5,3,0,0,5
risperidone,410.49300000000017,30,5,0,6,3.5904200000000026,64.16,4,3,2,1,7
riluzole,234.20199999999997,15,2,1,4,2.7771,48.14,1,2,0,0,7
rimantadine,179.30699999999996,13,4,1,1,2.55,26.02,1,0,4,4,1
bisoprolol,325.449,23,1,2,5,2.3659000000000003,59.95,12,1,0,0,5
theophylline,180.167,13,2,1,5,-1.0397000000000005,72.68,0,2,0,0,6
amisulpride,369.48700000000014,25,2,2,6,1.2851000000000006,101.72999999999999,7,1,1,1,8
tazarotene,351.4710000000002,25,3,0,4,4.431500000000004,39.19,2,2,1,0,4
pravastatin,424.5340000000002,30,2,4,6,2.440400000000001,124.29000000000002,10,0,2,0,7
ceftazidime,546.5870000000002,37,4,3,11,-1.299199999999996,191.22,9,2,2,1,15
acamprosate,181.213,11,0,2,3,-0.5995999999999997,83.47,4,0,0,0,6
capsaicin,305.41800000000006,22,1,2,3,3.789600000000002,58.56,9,1,0,0,4
pazopanib,437.52900000000017,31,4,2,8,3.1390399999999996,119.02999999999999,5,4,0,0,10
sotalol,272.37,18,1,3,4,1.0895,78.42999999999999,6,1,0,0,6
cevimeline,199.31899999999996,13,4,0,3,1.5602,12.47,0,0,4,4,3
danazol,337.4630000000001,25,5,1,3,4.221000000000004,46.260000000000005,0,1,4,3,3
mannitol,182.172,12,0,6,6,-3.585399999999998,121.38000000000001,5,0,0,0,6
diazepam,284.74600000000004,20,3,0,2,3.1538000000000013,32.67,1,2,1,0,4
tobramycin,467.52000000000027,32,3,10,14,-6.295800000000003,268.16999999999996,6,0,3,3,14
tenofovir disoproxil,519.4480000000003,35,2,1,15,3.0356000000000014,185.43999999999997,13,2,0,0,16
gefitinib,446.91000000000037,31,4,1,7,4.2756000000000025,68.74000000000001,8,3,1,1,9
pergolide,314.49800000000005,22,4,1,2,4.271100000000003,19.03,4,2,2,1,3
sodium phosphate,163.94,8,0,0,4,-11.812600000000002,86.25,0,0,0,0,8
miconazole,416.135,25,3,0,3,6.454800000000004,27.05,6,3,0,0,7
mianserin,264.372,20,4,0,2,3.0839000000000016,6.48,0,2,2,1,2
vigabatrin,129.159,9,0,2,2,0.3645000000000001,63.31999999999999,4,0,0,0,3
mupirocin,500.62900000000053,35,2,4,8,2.5925000000000007,146.05,16,0,2,2,9
cromoglicic acid,468.3700000000002,34,4,3,9,2.1144999999999996,173.71,8,4,0,0,11
lapatinib,581.0690000000003,40,5,2,8,6.139100000000004,106.35000000000001,11,5,0,0,11
ramelteon,259.349,19,3,1,2,2.5676000000000005,38.33,4,1,2,0,3
lamotrigine,256.096,16,2,2,5,2.0098,90.71,1,2,0,0,7
zaleplon,305.34100000000007,23,3,0,5,2.6407800000000003,74.29,3,3,0,0,6
zafirlukast,575.6870000000001,41,5,2,7,5.6959200000000045,115.73000000000002,8,4,1,1,10
cefaclor,367.8140000000001,24,3,3,5,0.6212999999999995,112.73,4,1,2,1,9
nilotinib,529.5260000000002,39,5,2,7,6.355840000000004,97.62,6,5,0,0,11
palonosetron,296.41400000000004,22,6,0,2,2.656500000000001,23.550000000000004,1,1,5,3,3
letrozole,285.31,22,3,0,5,2.659160000000001,78.29,3,3,0,0,5
adefovir dipivoxil,501.47700000000026,34,2,1,13,2.7025000000000006,166.97999999999996,11,2,0,0,14
emtricitabine,247.25099999999998,16,2,2,7,-0.45500000000000024,90.36999999999999,2,1,1,1,8
bezafibrate,361.82500000000005,25,2,2,3,3.5545000000000018,75.63,7,2,0,0,6
droxidopa,213.189,15,1,5,5,-0.4569000000000003,124.01,3,1,0,0,6
pramipexole,211.33399999999997,14,2,2,4,1.5821999999999998,50.94,3,1,1,0,4
caffeine,194.194,14,2,0,6,-1.0293,61.82,0,2,0,0,6
triptorelin,1311.4730000000006,95,8,17,15,-2.294800000000013,490.4199999999999,33,6,2,2,31
glycopyrronium bromide,398.34099999999995,24,3,1,3,-0.5396999999999983,46.53,4,1,2,2,5
allopurinol,136.11399999999998,10,2,2,3,-0.35380000000000006,74.43,0,2,0,0,5
alfuzosin,389.45600000000013,28,3,2,8,1.3507000000000002,111.83000000000001,8,2,1,1,9
hydroxycarbamide,76.05499999999999,5,0,3,2,-0.9561000000000002,75.35000000000001,0,0,0,0,4
vincristine,824.9720000000002,60,9,3,12,3.517500000000003,171.17000000000002,8,3,6,3,14
verapamil,454.6110000000003,33,2,0,6,5.093080000000005,63.95,13,2,0,0,6
nilutamide,317.223,22,2,1,4,2.4484000000000004,92.55000000000001,2,1,1,1,10
pimecrolimus,810.4660000000001,56,4,2,11,5.719400000000006,158.13,6,0,4,3,13
chlorambucil,304.217,19,1,1,2,3.3779000000000012,40.54,9,1,0,0,5
fluvoxamine,318.339,22,1,1,4,3.201500000000001,56.84,9,1,0,0,7
streptomycin,581.5800000000003,40,3,12,15,-8.161100000000014,336.42999999999995,9,0,3,3,19
topotecan,421.45300000000015,31,5,2,8,1.8467999999999996,104.89000000000001,3,3,2,0,8
nabumetone,228.291,17,2,0,2,3.370000000000002,26.3,4,2,0,0,2
clarithromycin,747.9640000000002,52,3,4,14,2.439700000000005,182.91,8,0,3,3,14
dolasetron,324.38000000000005,24,6,1,4,2.519000000000001,62.4,2,2,4,4,5
cytarabine,243.21900000000002,17,2,4,8,-2.562999999999999,130.83,2,1,1,1,8
sodium bicarbonate,84.006,5,0,1,2,-4.1083,60.36,0,0,0,0,4
dihydroergotamine,583.689,43,8,3,6,2.0811000000000006,118.21,4,3,5,4,10
temazepam,300.745,21,3,1,3,2.472200000000001,52.900000000000006,1,2,1,0,5
lovastatin,404.54700000000025,29,3,1,5,4.195500000000004,72.83000000000001,6,0,3,1,5
temozolomide,194.15399999999997,14,2,1,7,-2.0781,108.17,1,2,0,0,8
bexarotene,348.4860000000002,26,3,1,1,6.103720000000006,37.3,3,2,1,0,2
fondaparinux,1508.2730000000017,91,5,19,39,-13.750099999999989,805.4800000000005,30,0,5,5,60
glimepiride,490.62600000000026,34,3,3,5,3.0740000000000007,124.68,7,1,2,1,10
iloperidone,426.4880000000001,31,4,0,6,4.826600000000004,64.8,8,3,1,1,7
glipizide,445.54500000000024,31,3,3,6,2.0781199999999993,130.15,7,2,1,1,10
ceftobiprole medocaril,690.673,47,6,4,16,-0.5383799999999954,264.29999999999995,8,2,4,3,21
lepirudin,6979.527999999986,484,10,100,109,-41.666599999999555,3107.1200000000053,166,4,6,6,197
lodoxamide,311.63700000000006,21,1,4,5,0.25787999999999983,156.58999999999997,2,1,0,0,10
tizanidine,253.718,16,3,2,6,1.7157999999999998,62.2,1,2,1,0,7
lacosamide,250.298,18,1,2,3,0.45390000000000025,67.42999999999999,6,1,0,0,5
risedronic acid,283.11299999999994,17,1,5,4,-0.3744000000000003,148.18,4,1,0,0,10
fampridine,94.117,7,1,1,2,0.6638000000000001,38.91,0,1,0,0,2
tapentadol,221.34399999999997,16,1,1,2,3.0835000000000017,23.47,5,1,0,0,2
indacaterol,392.49900000000014,29,4,4,4,3.148900000000002,85.35000000000001,6,3,1,0,5
fesoterodine,411.5860000000001,30,2,1,4,5.381100000000005,49.77,10,2,0,0,4
interferon alfa-2b,746.5520000000001,31,2,0,7,2.2916000000000007,104.56,7,2,0,0,15
eflornithine,182.17,12,0,3,3,-0.22749999999999948,89.33999999999999,5,0,0,0,6
insulin detemir,5916.926999999995,413,12,76,81,-13.379330000000374,2252.8199999999993,136,9,3,3,146
olodaterol,386.4480000000001,28,3,4,6,2.376,100.05000000000001,7,2,1,0,7
sulfasalazine,398.40000000000015,28,3,3,7,3.701600000000002,141.31,6,3,0,0,10
venlafaxine,277.40799999999996,20,2,1,3,3.035600000000002,32.7,5,1,1,1,3
cyclobenzaprine,275.39500000000004,21,3,0,1,4.553800000000004,3.24,3,2,1,0,1
montelukast,586.1970000000003,41,5,2,4,8.948000000000002,70.42,12,4,1,1,6
cobicistat,776.0420000000001,54,5,3,10,6.000700000000006,138.02,19,4,1,1,14
travoprost,500.55400000000014,35,2,3,6,4.427400000000007,96.22000000000001,12,1,1,1,9
labetalol,328.41200000000003,24,2,4,4,2.1353999999999997,95.58,8,2,0,0,5
orciprenaline,211.261,15,1,4,4,1.1291999999999998,72.72,4,1,0,0,4
iotrolan,1626.2390000000005,67,2,16,18,-3.8942999999999905,399.78000000000003,24,2,0,0,30
methotrexate,454.44700000000023,33,3,5,10,0.2684000000000003,210.53999999999996,9,3,0,0,13
rotigotine,315.48199999999997,22,3,1,3,4.265700000000004,23.47,6,2,1,0,3
nicotine,162.23600000000002,12,2,0,2,1.8483,16.130000000000003,1,1,1,1,2
mifamurtide,1237.5180000000005,85,0,10,18,5.604900000000014,383.94,56,0,0,0,26
sitagliptin,407.3180000000001,28,3,1,5,2.0165,77.04,4,2,1,0,12
progesterone,314.4690000000001,23,4,0,2,4.723500000000005,34.14,1,0,4,3,2
valsartan,435.5280000000002,32,3,2,5,4.1617000000000015,112.07000000000001,10,3,0,0,8
methylphenidate,233.31100000000004,17,2,1,3,2.0853,38.33,3,1,1,1,3
pemetrexed,427.4170000000002,31,3,6,6,0.6664,191.25999999999996,9,3,0,0,11
docetaxel,807.8900000000004,58,6,5,14,3.259600000000003,224.44999999999996,8,2,4,3,15
cilazapril,417.5060000000003,30,3,2,6,1.5955,99.18,8,1,2,2,8
desloratadine,310.828,22,4,1,2,4.018900000000003,24.92,0,2,2,1,3
iopamidol,777.0880000000001,31,1,8,8,-1.0143000000000004,188.45,10,1,0,0,14
insulin lispro,5813.71899999999,405,10,84,83,-20.978530000000312,2299.07,184,9,1,1,148
posaconazole,700.7910000000003,51,7,1,12,4.5732000000000035,115.70000000000002,12,5,2,2,14
perindopril,368.47400000000016,26,2,2,5,1.9405999999999999,95.94000000000001,8,0,2,2,7
paroxetine,329.37100000000004,24,4,1,4,3.326500000000002,39.72,4,2,2,1,5
pilocarpine,208.26100000000002,15,2,0,4,1.1618000000000002,44.12,3,1,1,1,4
rescinnamine,634.7260000000002,46,6,1,10,4.570700000000004,117.78000000000002,9,3,3,2,11
carbamazepine,236.27399999999997,18,3,1,1,3.3872000000000018,46.33,0,2,1,0,3
nelfinavir,567.7960000000004,40,4,4,6,4.747620000000005,101.9,9,2,2,2,8
valganciclovir,354.3670000000001,25,2,4,10,-1.4366999999999983,171.37000000000003,8,2,0,0,11
exemestane,296.40999999999997,22,4,0,2,4.029500000000003,34.14,0,0,4,3,2
prazosin,383.4080000000001,28,4,1,8,1.7845999999999995,106.95000000000002,4,3,1,1,9
citalopram,324.399,24,3,0,3,3.812980000000003,36.26,5,2,1,0,4
macitentan,588.2820000000002,32,3,2,8,3.572700000000002,128.22000000000003,11,3,0,0,13
amsacrine,393.4680000000001,28,4,2,5,4.511700000000003,80.32,5,4,0,0,7
micafungin,1270.2910000000004,89,7,16,23,-3.9020000000000015,510.1400000000001,18,4,3,3,33
estazolam,294.745,21,4,0,4,3.271700000000002,43.07,1,3,1,0,5
ambrisentan,378.4280000000001,28,3,1,5,3.515640000000003,81.54,7,3,0,0,6
gemfibrozil,250.33799999999994,18,1,1,2,3.573240000000002,46.53,6,1,0,0,3
levosimendan,280.29100000000005,21,2,2,6,1.3617599999999999,113.42999999999998,3,1,1,0,7
halofantrine,500.4320000000001,33,3,1,2,8.644300000000001,23.47,10,3,0,0,7
esmolol,295.379,21,1,2,5,1.5298999999999998,67.79,9,1,0,0,5
vinorelbine,778.9470000000002,57,9,2,11,4.753600000000004,133.87,7,3,6,2,12
apremilast,460.5080000000002,32,3,1,7,2.4342000000000006,119.08,8,2,1,0,10
dapsone,248.307,17,2,2,4,1.6838,86.18,2,2,0,0,5
tigecycline,585.6580000000001,42,4,7,11,0.3566000000000029,205.76000000000002,6,1,3,1,13
azithromycin,748.9960000000002,52,3,5,14,1.9007000000000054,180.07999999999998,7,0,3,3,14
dipyridamole,504.6360000000005,36,4,4,12,-0.017599999999998117,145.44,12,2,2,2,12
brinzolamide,383.5170000000002,23,2,2,7,0.08690000000000064,118.80000000000001,7,1,1,0,11
cinacalcet,357.4189999999999,26,3,1,1,6.142000000000004,12.03,6,3,0,0,4
goserelin,1269.4330000000004,91,6,17,16,-3.1057000000000246,495.8899999999999,31,4,2,2,32
metformin,129.167,9,0,3,1,-1.243829999999999,91.49,0,0,0,0,5
zonisamide,212.22999999999996,14,2,1,4,0.6163,86.19,2,2,0,0,6
idarubicin,497.5000000000002,36,5,5,10,1.0203,176.60999999999999,3,2,3,1,10
zolpidem,307.39700000000005,23,3,0,3,3.2488400000000013,37.61000000000001,3,3,0,0,4
mifepristone,429.60400000000016,32,5,1,3,5.406500000000007,40.540000000000006,2,1,4,2,3
cerivastatin,459.5580000000001,33,2,3,5,4.880700000000006,99.88000000000001,11,2,0,0,7
rosuvastatin,481.54600000000016,33,2,3,7,2.401700000000001,140.92,10,2,0,0,11
fluvastatin,411.473,30,3,3,4,4.628100000000005,82.69000000000001,8,3,0,0,6
valdecoxib,314.3660000000001,22,3,1,4,2.9644200000000005,86.19,3,3,0,0,6
fosfomycin,138.059,8,1,2,2,-0.09110000000000007,70.06,1,0,1,1,5
ibandronic acid,319.23100000000005,19,0,5,4,0.4999999999999996,138.53,9,0,0,0,10
ziprasidone,412.94600000000014,28,5,1,5,3.809000000000002,48.47,4,3,2,1,7
zanamivir,332.3130000000001,23,1,7,7,-3.785499999999997,200.72000000000003,6,0,1,0,11
zolmitriptan,287.363,21,3,2,3,1.9228999999999998,57.36,5,2,1,1,5
oseltamivir,312.4100000000001,22,1,2,5,1.2854000000000008,90.64999999999999,7,0,1,0,6
entecavir,277.284,20,3,4,7,-0.8278000000000001,130.05,2,2,1,1,8
cyproterone,374.90800000000013,26,5,1,3,4.036800000000004,54.370000000000005,1,0,5,3,4
doripenem,420.51300000000015,27,3,5,7,-1.6030999999999955,162.05999999999997,7,0,3,2,12
aztreonam,435.4400000000002,28,2,4,10,-1.1724999999999979,201.58,7,1,1,1,15
ibuprofen,206.28499999999997,15,1,1,1,3.073200000000001,37.3,4,1,0,0,2
lidocaine,234.343,17,1,1,2,2.5837400000000006,32.34,5,1,0,0,3
candesartan,440.46300000000014,33,5,2,7,4.028600000000003,118.81000000000002,7,5,0,0,9
topiramate,339.36600000000004,22,3,1,8,-0.3953999999999982,115.54,3,0,3,3,10
fosphenytoin,362.27799999999996,25,3,3,4,1.5487999999999997,116.17000000000002,5,2,1,1,9
quetiapine,383.5170000000001,27,4,1,6,2.8560000000000016,48.3,5,2,2,1,6
ciprofloxacin,331.34700000000004,24,4,2,5,1.5833,74.57000000000001,3,2,2,2,7
umeclidinium bromide,508.5000000000002,33,6,1,2,2.144,29.46,8,3,3,3,4
ceftriaxone,554.5920000000003,36,4,4,14,-1.6112999999999957,214.95999999999998,8,2,2,1,18
cefepime,480.57200000000023,32,4,2,10,-1.2798999999999958,150.04,7,1,3,2,13
zoledronic acid,272.09,16,1,5,5,-1.1154000000000002,153.10999999999999,4,1,0,0,11
amlexanox,298.298,22,3,2,5,2.745,106.42,2,3,0,0,6
amlodipine,408.88200000000035,28,2,2,7,2.2663,99.88,8,1,1,0,8
nebivolol,405.4410000000001,29,4,3,5,2.363600000000001,70.95,6,2,2,0,7
ganciclovir,255.23399999999998,18,2,4,8,-1.970899999999999,139.28,5,2,0,0,9
ciclesonide,540.6970000000002,39,6,1,7,4.703900000000004,99.13000000000001,5,0,6,5,7
fidaxomicin,1058.052,72,4,7,18,6.234400000000012,266.6599999999999,13,1,3,2,20
silodosin,495.54200000000014,35,3,3,6,3.0711000000000013,97.05000000000001,13,2,1,0,10
vancomycin,1449.2710000000004,101,12,19,25,0.10620000000000607,530.4899999999999,13,5,7,2,35
vildagliptin,303.406,22,5,2,4,1.1742799999999995,76.36000000000001,3,0,5,5,5
cabozantinib,501.51400000000024,37,5,2,6,5.5408000000000035,98.78,8,4,1,1,9
olmesartan medoxomil,558.5950000000004,41,5,2,11,4.170020000000004,162.16,10,5,0,0,12
escitalopram,324.399,24,3,0,3,3.812980000000003,36.26,5,2,1,0,4
ziconotide,2639.1870000000004,177,4,42,45,-16.212859999999978,1133.84,38,1,3,3,75
saccharated iron oxide,866.5460000000005,42,2,8,12,-15.001400000000002,542.03,5,0,2,2,30
buserelin,1239.4470000000006,89,6,15,15,-1.669100000000012,440.76999999999987,32,4,2,2,29
lasofoxifene,413.56100000000015,31,5,1,3,5.728700000000007,32.7,6,3,2,1,3
sumatriptan,295.408,20,2,2,3,1.3212,65.2,6,2,0,0,6
bicalutamide,430.3790000000001,29,2,2,5,2.879580000000002,107.26,5,2,0,0,11
eslicarbazepine,254.289,19,3,2,2,2.4929,66.56,0,2,1,0,4
suvorexant,450.9300000000002,32,5,0,7,4.111320000000004,80.29,3,4,1,1,9
diltiazem,414.5270000000002,29,3,0,6,3.368500000000002,59.08,6,2,1,0,7
dexamethasone,392.4670000000001,28,4,3,5,1.8957,94.83000000000001,2,0,4,3,6
trimetrexate,369.4250000000001,27,3,3,8,2.740520000000001,117.54,6,3,0,0,8
isotretinoin,300.44200000000006,22,1,1,1,5.602600000000005,37.3,5,0,1,0,2
lurasidone,492.6890000000003,35,7,0,6,4.255800000000003,56.75,5,2,5,5,7
axitinib,386.48,28,4,2,4,4.6391000000000036,70.67,5,4,0,0,6
estramustine,440.4110000000002,29,4,1,3,5.182000000000006,49.77,5,1,3,2,6
teduglutide,3752.139999999986,264,5,55,53,-16.88523000000022,1624.2199999999991,125,5,0,0,100
argatroban,508.6450000000002,35,3,5,6,0.702900000000005,180.20999999999998,9,1,2,1,12
flutemetamol (18F),273.32293799999997,19,3,2,4,3.8497000000000017,45.150000000000006,2,3,0,0,5
naphazoline,210.28,16,3,1,2,2.3840000000000003,24.39,2,2,1,0,2
amprenavir,505.63700000000034,35,3,3,7,2.4028,131.19000000000003,11,2,1,1,10
plerixafor,502.79600000000045,36,3,6,8,0.41580000000000733,78.66,4,1,2,2,8
ezetimibe,409.4320000000001,30,4,2,3,4.8883000000000045,60.77000000000001,6,3,1,1,6
caspofungin,1093.3310000000006,77,4,16,18,-3.311900000000009,412.03,23,1,3,3,25
ecallantide,7053.951999999993,492,17,100,99,-28.144249999999793,2912.950000000001,128,12,5,5,187
vemurafenib,489.9310000000001,33,4,2,4,5.544200000000003,91.92,7,4,0,0,10
glutamine,146.146,10,0,3,3,-1.336199999999999,106.41,4,0,0,0,5
hyoscyamine,289.375,21,3,1,4,1.9309,49.769999999999996,4,1,2,2,4
baclofen,213.66399999999996,14,1,2,2,1.8569999999999995,63.31999999999999,4,1,0,0,4
sirolimus,914.1870000000001,65,4,3,13,6.180600000000006,195.42999999999995,6,0,4,3,14
norfloxacin,319.336,23,3,2,5,1.2683,74.57000000000001,3,2,1,1,7
carmustine,214.05199999999996,12,0,1,3,1.157,61.77,5,0,0,0,7
dexmedetomidine,200.285,15,2,1,1,3.1783400000000013,28.68,2,2,0,0,2
desmopressin,1069.2379999999994,74,4,13,15,-4.341700000000017,437.9099999999999,19,2,2,2,28
raloxifene,473.59400000000016,34,5,2,6,6.075200000000007,70.0,7,4,1,1,6
propranolol,259.349,19,2,2,3,2.577500000000001,41.489999999999995,6,2,0,0,3
alprazolam,308.772,22,4,0,4,3.5801200000000017,43.07,1,3,1,0,5
fotemustine,315.6940000000001,19,0,1,6,2.5303000000000004,97.3,9,0,0,0,10
febuxostat,316.38200000000006,22,2,1,5,3.723200000000003,83.21,5,2,0,0,6
teniposide,656.6620000000005,46,8,3,14,2.7529000000000012,160.83,6,3,5,3,14
penbutolol,291.43500000000006,21,2,2,3,3.4720000000000026,41.489999999999995,6,1,1,1,3
belinostat,318.35400000000004,22,2,3,4,2.006,95.5,5,2,0,0,7
gadoteridol,558.6900000000002,29,1,1,11,-6.161500000000002,153.57999999999998,8,0,1,1,12
treprostinil,390.5200000000001,28,3,3,4,3.5832000000000024,86.99000000000001,10,1,2,1,5
gabapentin,171.23999999999998,12,1,2,2,1.3703,63.31999999999999,3,0,1,1,3
furosemide,330.749,21,2,3,5,1.8907,122.62999999999998,5,2,0,0,9
cimetidine,252.347,17,1,3,4,0.5973999999999998,88.88999999999999,5,1,0,0,7
cilostazol,369.4690000000001,27,4,1,6,3.4647000000000023,81.93,7,2,2,1,7
finasteride,372.5530000000001,27,4,2,2,3.8145000000000024,58.2,1,0,4,3,4
aciclovir,225.208,16,2,3,7,-1.3317999999999997,119.05,4,2,0,0,8
amoxicillin,365.4110000000001,25,3,4,6,0.023699999999999555,132.95999999999998,4,1,2,2,9
sildenafil,474.5870000000004,33,4,1,8,1.6109,113.42,7,3,1,1,11
regadenoson,390.3600000000001,28,4,5,12,-2.434699999999998,186.46,4,3,1,1,13
levonorgestrel,312.45300000000003,23,4,1,2,3.8826000000000036,37.3,1,0,4,3,2
daptomycin,1620.693000000001,115,4,22,24,-5.621799999999963,702.02,35,3,1,1,43
ropivacaine,274.408,20,2,1,2,3.506440000000002,32.34,4,1,1,1,3
teriparatide,4117.786999999984,289,6,60,57,-15.240260000000273,1752.6499999999987,144,6,0,0,108
deferoxamine,560.6930000000007,39,0,6,9,0.9221000000000046,205.83999999999995,23,0,0,0,14
paricalcitol,416.6460000000002,30,3,3,3,5.560600000000008,60.69,5,0,3,3,3
prasugrel,373.4490000000001,26,4,0,5,3.8910000000000036,46.61,5,2,2,1,6
auranofin,678.4910000000003,32,1,0,10,2.1419000000000006,114.43,8,0,1,1,12
rosiglitazone,357.435,25,3,1,6,2.490900000000001,71.53,7,2,1,1,7
bosutinib,530.4560000000001,36,4,1,8,5.190380000000005,82.88000000000001,9,3,1,1,10
rivastigmine,250.34199999999998,18,1,0,3,2.7597000000000014,32.78,4,1,0,0,4
eletriptan,382.52900000000005,27,4,1,3,3.8210000000000024,53.17,6,3,1,1,5
frovatriptan,243.31,18,3,3,2,1.3435,70.91,2,2,1,0,4
olopatadine,337.41900000000004,25,3,1,3,3.589500000000002,49.769999999999996,5,2,1,0,4
fluticasone furoate,538.5840000000003,37,5,1,7,4.926800000000005,93.81000000000002,4,1,4,3,10
eltrombopag,442.4750000000002,33,4,3,6,5.577060000000004,120.04,5,4,0,0,8
estrone,270.37199999999996,20,4,1,2,3.8174000000000032,37.3,0,1,3,2,2
valproic acid,144.214,10,0,1,1,2.2874,37.3,5,0,0,0,2
bedaquiline,555.5160000000002,37,5,1,4,7.130500000000007,45.59,8,5,0,0,5
bivalirudin,2180.317000000001,155,6,28,29,-8.11642999999994,901.5700000000002,66,3,3,3,57
estradiol,272.388,20,4,2,2,3.6092000000000026,40.46,0,1,3,2,2
hydrocortisone,362.46600000000007,26,4,3,5,1.7815999999999996,94.83000000000001,2,0,4,3,5
modafinil,273.35699999999997,19,2,1,2,2.01,60.16,5,2,0,0,4
trospium,392.519,29,5,1,3,3.7697000000000034,46.53,4,2,3,3,4
lomefloxacin,351.35300000000007,25,3,2,5,1.7959,74.57000000000001,3,2,1,1,8
ceftaroline fosamil,684.7000000000002,43,5,4,14,-0.11500000000000044,223.24,11,3,2,1,21
crizotinib,450.3450000000002,30,4,2,6,5.037700000000004,77.99,5,3,1,1,9
atracurium,929.1609999999998,67,6,0,12,8.06550000000001,126.44000000000003,24,4,2,0,14
acitretin,326.4360000000001,24,1,1,2,5.167060000000005,46.53,6,1,0,0,3
memantine,179.307,13,4,1,1,2.6941000000000006,26.02,0,0,4,4,1
meloxicam,351.4090000000001,23,3,2,6,1.9509199999999998,99.6,2,2,1,0,9
dacarbazine,182.18699999999995,13,1,2,4,0.06890000000000013,99.73,3,1,0,0,7
tegaserod,301.39400000000006,22,2,3,3,2.6049000000000007,87.79,7,2,0,0,6
ospemifene,378.8990000000002,27,3,1,2,5.645700000000006,29.46,8,3,0,0,3
oxycodone,315.369,23,5,1,5,1.0482,59.0,1,1,4,2,5
dapagliflozin,408.87800000000004,28,3,4,6,1.8444000000000003,99.38000000000001,6,2,1,1,7
levocarnitine,161.201,11,0,1,3,-1.8064999999999976,60.36,4,0,0,0,4
betaxolol,307.434,22,2,2,4,2.393400000000001,50.72,11,1,1,1,4
betahistine,136.19799999999995,10,1,1,2,0.8434999999999999,24.92,3,1,0,0,2
rabeprazole,359.4510000000002,25,3,1,5,2.989420000000001,77.10000000000001,8,3,0,0,7
carvedilol,406.482,30,4,3,5,3.7380000000000018,75.74,10,4,0,0,6
nabilone,372.54900000000015,27,3,1,3,6.264000000000007,46.53,6,1,2,1,3
naratriptan,335.47300000000024,23,3,2,3,2.0688,65.2,5,2,1,1,6
iodixanol,1550.1880000000006,62,2,13,15,-1.5868999999999964,339.09,22,2,0,0,27
nefazodone,470.0170000000003,33,4,0,7,3.5519000000000016,55.53,10,3,1,1,8
tamoxifen,371.52400000000006,28,3,0,2,5.996100000000006,12.47,8,3,0,0,2
sulfamethoxazole and trimethoprim,543.6060000000002,38,4,4,12,2.6236199999999994,203.73000000000002,8,4,0,0,14
propafenone,341.451,25,2,2,4,3.2414000000000027,58.56,11,2,0,0,4
pasireotide,1047.2269999999999,77,8,9,11,3.3685000000000107,281.2,17,6,2,2,19
bleomycin,1415.5760000000005,96,6,20,31,-7.703580000000028,627.07,35,4,2,2,41
trimethoprim,290.32300000000004,21,2,2,7,1.2575999999999996,105.50999999999999,5,2,0,0,7
mercaptamine,77.152,4,0,2,2,-0.12509999999999988,26.02,1,0,0,0,2
desvenlafaxine,263.3809999999999,19,2,2,3,2.732600000000002,43.7,4,1,1,1,3
urofollitropin,980.1809999999995,67,3,12,15,-3.4933000000000045,376.66999999999996,15,1,2,2,25
flucloxacillin,453.8790000000002,30,4,2,6,2.6878199999999994,112.74,4,2,2,2,11
dofetilide,441.5750000000001,29,2,2,6,1.9828999999999997,104.81,11,2,0,0,10
meropenem,383.47000000000014,26,3,3,6,-0.30799999999999755,110.18,5,0,3,2,9
fluticasone,444.5150000000001,30,4,2,5,3.4691000000000027,74.60000000000001,2,0,4,3,8
omeprazole,345.42400000000004,24,3,1,5,2.8997400000000013,77.10000000000001,5,3,0,0,7
ondansetron,293.37,22,4,0,4,3.1285200000000017,39.82,2,3,1,0,4
ciclopirox,207.27299999999994,15,2,1,3,2.44172,42.230000000000004,1,1,1,1,3
pirbuterol,240.303,17,1,4,5,0.7009999999999998,85.61000000000001,4,1,0,0,5
timolol,316.4270000000001,21,2,2,8,0.5024999999999997,79.74000000000001,6,1,1,1,8
lanthanum carbonate,457.83599999999996,14,0,0,9,-7.341000000000001,189.57,0,0,0,0,11
nafarelin,1322.4960000000005,96,8,16,15,-1.6229000000000124,474.6299999999999,33,6,2,2,30
temsirolimus,1030.3029999999999,73,4,4,16,5.722400000000007,241.95999999999992,10,0,4,3,17
nesiritide,3464.1009999999937,239,4,56,53,-20.215620000000182,1512.7399999999993,87,2,2,2,96
dicycloverine,309.4940000000001,22,2,0,3,4.402200000000004,29.54,7,0,2,2,3
atazanavir,704.8690000000001,51,3,5,9,4.2116000000000025,171.22,14,3,0,0,13
gatifloxacin,375.40000000000015,27,4,2,6,1.9803999999999997,83.8,4,2,2,2,8
sapropterin,241.25100000000003,17,2,6,7,-1.7001999999999988,136.29,2,1,1,0,8
mycophenolic acid,320.341,23,2,2,5,2.7332200000000006,93.06,6,1,1,0,6
cefprozil,389.4330000000001,27,3,4,6,0.7066999999999998,132.95999999999998,5,1,2,1,9
budesonide,430.5410000000002,31,5,2,6,2.716800000000001,93.06,4,0,5,4,6
misoprostol,382.54100000000017,27,1,2,5,3.9536000000000047,83.83000000000001,13,0,1,1,5
piroxicam,331.353,23,3,2,5,1.5810000000000002,99.60000000000001,2,2,1,0,8
ursodeoxycholic acid,392.58000000000015,28,4,3,3,4.477900000000006,77.76,4,0,4,4,4
quinidine,324.4240000000001,24,5,1,4,3.173200000000002,45.59,4,2,3,3,4
mirtazapine,265.35999999999996,20,4,0,3,2.4789000000000003,19.37,0,2,2,1,3
isosorbide mononitrate,191.13899999999998,13,2,1,6,-1.2782,91.06,2,0,2,2,7
lorazepam,321.163,21,3,2,3,3.1013000000000015,61.69,1,2,1,0,6
loratadine,382.8910000000001,27,4,0,3,4.887800000000005,42.43,1,2,2,1,5
atovaquone,366.8440000000001,26,4,1,3,5.348500000000005,54.370000000000005,2,2,2,1,4
calcitriol,416.6460000000002,30,3,3,3,5.704700000000008,60.69,6,0,3,3,3
digoxin,780.9490000000003,55,8,6,14,2.2181000000000024,203.06,7,0,8,7,14
esomeprazole,345.42400000000004,24,3,1,5,2.8997400000000013,77.10000000000001,5,3,0,0,7
dexlansoprazole,369.36800000000005,25,3,1,4,3.515220000000002,67.87,5,3,0,0,9
sodium aurothiomalate,390.078,12,0,0,5,-9.202700000000002,80.25999999999999,3,0,0,0,8
olsalazine,302.242,22,2,4,6,2.909600000000002,139.78,4,2,0,0,8
granisetron,312.41700000000003,23,4,1,4,2.3184000000000005,50.160000000000004,2,2,2,2,5
hydrocodone,299.37000000000006,22,5,0,4,1.9333,38.77,1,1,4,2,4
carboplatin,371.25,13,1,2,2,1.7575999999999996,141.6,2,0,1,1,7
samarium (153Sm) lexidronam,586.0220974000001,25,0,5,9,-3.764799999999999,245.08999999999997,11,0,0,0,19
eszopiclone,388.81500000000005,27,4,0,7,1.5679999999999996,91.75999999999999,2,2,2,1,10
doxercalciferol,412.65800000000013,30,3,2,2,6.6118000000000094,40.46,5,0,3,3,2
capecitabine,359.35400000000004,25,2,3,8,0.7602,122.91000000000001,6,1,1,1,10
leuprorelin,1209.4210000000005,87,6,15,14,-1.438100000000009,431.53999999999985,32,4,2,2,28
fosinopril,563.672,39,3,1,6,6.121300000000006,110.21,14,1,2,2,9
bepridil,366.5490000000002,27,3,0,3,4.830200000000005,15.71,10,2,1,1,3
tedizolid,370.34400000000016,27,4,1,8,1.3957,106.26,4,3,1,1,10
pregabalin,159.22899999999998,11,0,2,2,1.0821,63.31999999999999,5,0,0,0,3
iopromide,791.1149999999999,32,1,6,8,-0.40650000000000075,168.66,11,1,0,0,14
iohexol,821.1410000000001,34,1,8,9,-1.6274999999999986,199.89,12,1,0,0,15
amantadine,151.253,11,4,1,1,1.9139000000000002,26.02,0,0,4,4,1
vismodegib,421.30500000000006,27,3,1,4,4.711200000000003,76.13,4,3,0,0,8
fluorescein,332.31100000000004,25,5,2,5,3.665800000000002,75.99000000000001,0,3,2,0,5
valaciclovir,324.34100000000007,23,2,3,9,-0.7975999999999979,151.14,7,2,0,0,10
tolterodine,325.496,24,2,1,2,5.341420000000005,23.47,7,2,0,0,2
trovafloxacin,416.3590000000001,30,5,2,6,1.894499999999999,101.45,3,3,2,2,10
olanzapine,312.4420000000001,22,4,1,5,3.4392200000000033,30.870000000000005,0,2,2,1,5
ofloxacin,361.3730000000001,26,4,1,6,1.544,75.01,2,2,2,1,8
aliskiren,551.7690000000002,39,1,4,7,3.293500000000003,146.13000000000002,19,1,0,0,9
clopidogrel,321.829,21,3,0,4,3.6739000000000024,29.54,3,2,1,0,5
haloperidol,375.87100000000004,26,3,1,3,4.425600000000004,40.54,6,2,1,1,5
tramadol,263.381,19,2,1,3,2.634600000000001,32.7,4,1,1,1,3
metyrapone,226.279,17,2,0,3,2.637100000000001,42.85,3,2,0,0,3
pinaverium,511.52100000000024,32,5,0,4,5.292300000000005,36.92,10,1,4,4,6
streptozocin,265.222,18,1,5,8,-2.890899999999998,151.92000000000002,3,0,1,1,10
mesna,164.183,8,0,1,4,-3.534599999999999,57.2,2,0,0,0,6
tropisetron,284.35900000000004,21,4,1,3,2.9499000000000013,45.33,2,2,2,2,4
ramipril,416.5180000000003,30,3,2,5,2.3831999999999995,95.94000000000001,9,1,2,2,7
benazepril,424.49700000000024,31,3,2,5,2.5731,95.94000000000001,9,2,1,0,7
fluoxetine,309.33099999999996,22,2,1,2,4.435000000000003,21.259999999999998,6,2,0,0,5
fluorouracil,130.07799999999997,9,1,2,2,-0.7977000000000001,65.72,0,1,0,0,5
flunitrazepam,313.288,23,3,0,4,2.5477000000000007,75.81,2,2,1,0,7
mitoxantrone,444.4880000000002,32,3,8,10,-0.1392000000000001,163.18,12,2,1,0,10
bupropion,239.74599999999998,16,1,1,2,3.2993000000000023,29.1,3,1,0,0,3
oxytocin,1007.2069999999992,69,3,12,15,-3.608600000000008,399.5299999999999,17,1,2,2,26
phentolamine,281.359,21,3,2,4,2.8404200000000013,47.86,4,2,1,0,4
tofacitinib,312.3770000000001,23,3,1,5,1.5447799999999998,88.91,3,2,1,1,7
selegiline,187.28599999999994,14,1,0,1,2.1826,3.24,4,1,0,0,1
ponatinib,532.5700000000003,39,5,1,6,4.456020000000003,65.77000000000001,4,4,1,1,10
darunavir,547.6740000000003,38,4,3,8,2.3752999999999997,140.42000000000002,11,2,2,2,11
triamcinolone,394.4390000000001,28,4,4,6,0.6205000000000003,115.06000000000002,2,0,4,3,7
zidovudine,267.245,19,2,2,6,-0.19627999999999995,133.08,3,1,1,1,9
fingolimod,307.47800000000007,22,1,3,3,3.2043000000000013,66.48,12,1,0,0,3
mipomersen,7158.095999999995,457,46,26,199,-7.019620000000092,2667.5900000000006,156,26,20,20,227
leflunomide,270.21,19,2,1,3,3.2541200000000012,55.13,2,2,0,0,7
riociguat,422.4240000000002,31,4,2,9,2.4427000000000003,138.07,4,4,0,0,11
varenicline,211.26799999999997,16,4,1,3,1.8038999999999998,37.81,0,2,2,1,3
hydromorphone,285.3430000000001,21,5,1,4,1.6302999999999999,49.77,0,1,4,2,4
ibrutinib,440.5070000000002,33,5,1,7,4.2173000000000025,99.16,5,4,1,1,8
paclitaxel,853.9180000000003,62,7,4,14,3.735700000000004,221.28999999999996,10,3,4,3,15
mesalazine,153.137,11,1,3,3,0.6725999999999999,83.55000000000001,1,1,0,0,4
loxapine,327.81500000000005,23,4,0,4,3.7714000000000025,28.07,0,2,2,1,5
losartan,422.9200000000001,30,4,2,6,4.2668000000000035,92.51,8,4,0,0,8
tirofiban,440.6060000000004,30,2,3,5,2.950500000000001,104.73,14,1,1,1,8
hydrochlorothiazide,297.745,17,2,3,5,-0.3512999999999999,118.36,1,1,1,0,10
hydralazine,160.18,12,2,2,4,0.9153999999999995,63.83,1,2,0,0,4
naltrexone,341.407,25,6,2,5,1.5253999999999994,70.00000000000001,2,1,5,3,5
ivermectin,875.1060000000001,62,7,3,14,5.601400000000006,170.06,8,0,7,5,14
azacitidine,244.207,17,2,4,9,-3.167999999999999,143.72000000000003,2,1,1,1,9
epirubicin,543.5250000000003,39,5,6,12,0.0012999999999995793,206.07,5,2,3,1,12
indapamide,365.84200000000004,24,3,2,4,2.0834,92.5,3,2,1,0,8
nevirapine,266.30400000000003,20,4,1,4,2.6512200000000004,58.120000000000005,1,2,2,1,5
pentostatin,268.273,19,3,4,8,-0.9890000000000003,112.13000000000001,2,1,2,1,8
simvastatin,418.5740000000003,30,3,1,5,4.585600000000006,72.83000000000001,6,0,3,1,5
foscarnet,126.00399999999998,7,0,3,2,-0.1579000000000001,94.83,1,0,0,0,6
aminolevulinic acid,131.13099999999997,9,0,2,3,-0.621,80.39,4,0,0,0,4
ranolazine,427.54500000000013,31,3,2,6,2.3080400000000005,74.27000000000001,9,2,1,1,7
famotidine,337.4560000000001,20,1,4,6,-0.7679999999999998,175.83,7,1,0,0,12
empagliflozin,450.9150000000001,31,4,4,7,1.6134000000000004,108.61000000000001,6,2,2,2,8
nifedipine,346.3390000000001,25,2,1,7,2.1756,107.77,4,1,1,0,8
desflurane,168.03599999999997,10,0,0,1,2.0835,9.23,2,0,0,0,7
vandetanib,475.3620000000001,30,4,1,6,5.004200000000004,59.510000000000005,6,3,1,1,8
cyclophosphamide,261.08899999999994,14,1,1,2,1.884,41.57,5,0,1,1,7
ganirelix,1570.3500000000001,112,6,16,16,2.272699999999972,451.48999999999984,44,5,1,1,32
deferasirox,373.3680000000001,28,4,3,6,3.7107000000000023,108.47,4,4,0,0,7
nizatidine,331.4670000000001,21,1,2,8,1.3224999999999996,83.33,10,1,0,0,9
abiraterone,349.51800000000003,26,5,1,2,5.398600000000006,33.120000000000005,1,1,4,2,2
vortioxetine,298.4550000000001,21,3,1,3,3.8642400000000023,15.27,3,2,1,1,3
indinavir,613.803,45,5,4,7,2.866900000000004,118.03000000000002,11,3,2,1,9
lisinopril,405.49500000000006,29,2,4,5,1.2352000000000014,132.96,12,1,1,1,8
donepezil,379.50000000000006,28,4,0,4,4.361100000000004,38.769999999999996,6,2,2,1,4
doxazosin,451.4830000000002,33,5,1,9,1.7177999999999995,112.27000000000001,4,3,2,1,10
doxepin,279.383,21,3,0,2,3.9624000000000033,12.47,3,2,1,0,2
degarelix,1632.2890000000002,117,8,17,18,1.5146999999999817,512.8699999999998,41,6,2,2,35
terbutaline,225.288,16,1,4,4,1.5192999999999999,72.72,3,1,0,0,4
terazosin,387.44000000000017,28,4,1,8,1.0567999999999995,103.04,4,2,2,2,9
clindamycin,424.9910000000001,27,2,4,7,0.3895000000000021,102.26000000000002,7,0,2,2,9
vilazodone,441.53500000000025,33,5,2,5,4.029580000000002,102.29,7,4,1,1,7
dalbavancin,1816.7160000000008,128,15,21,29,4.168000000000008,572.51,22,7,8,2,40
linezolid,337.35100000000017,24,3,1,5,1.1235999999999995,71.11,4,1,2,2,8
paliperidone,426.4920000000002,31,5,1,7,3.0813200000000016,84.39,4,3,2,1,8
adapalene,412.5290000000003,31,7,1,2,6.681400000000005,46.53,4,3,4,4,3
dantrolene,314.25700000000006,23,3,1,6,1.7404999999999997,118.05000000000001,4,2,1,1,9
sitaxentan,454.91300000000024,29,4,1,8,3.9612400000000028,107.73,6,3,1,0,11
sorafenib,464.83100000000013,32,3,3,4,5.549700000000002,92.35,5,3,0,0,11
abarelix,1416.0889999999997,101,6,13,16,1.1679999999999822,424.97999999999985,38,5,1,1,29
telbivudine,242.231,17,2,3,6,-1.5142799999999992,104.55000000000001,2,1,1,1,7
lansoprazole,369.36800000000005,25,3,1,4,3.515220000000002,67.87,5,3,0,0,9
dabigatran etexilate,627.7460000000002,46,4,3,10,5.812270000000005,151.52999999999997,15,4,0,0,12
dihydrocodeine,301.3860000000001,22,5,1,4,1.7250999999999999,41.93000000000001,1,1,4,2,4
boceprevir,519.6870000000005,37,3,4,5,1.711200000000003,150.70000000000002,8,0,3,3,10
bimatoprost,415.5740000000001,30,2,4,4,3.1469000000000027,89.79,12,1,1,1,5
fludarabine,285.23500000000007,20,3,4,9,-1.8409,139.54000000000002,2,2,1,1,10
dextromethorphan,271.40400000000005,20,4,0,2,3.3834000000000026,12.47,1,1,3,2,2
clevidipine,456.3220000000001,30,2,1,7,4.245200000000003,90.92999999999999,7,1,1,0,9
eplerenone,414.4980000000003,30,6,0,6,3.124500000000002,82.2,1,0,6,5,6
bazedoxifene,470.6130000000004,35,5,2,5,6.331020000000007,57.86,7,4,1,1,5
maraviroc,513.6770000000002,37,5,1,5,5.950920000000006,63.050000000000004,8,2,3,3,8
apomorphine,267.328,20,4,2,3,2.8499000000000017,43.7,0,2,2,0,3
piperacillin,517.5640000000003,36,4,3,7,-0.24029999999999757,156.42999999999998,6,1,3,3,13
pantoprazole,383.3760000000001,26,3,1,6,2.8843000000000005,86.33000000000001,7,3,0,0,10
pamidronic acid,235.069,13,0,6,4,-1.6633,161.30999999999997,4,0,0,0,10
atenolol,266.34099999999995,19,1,3,4,0.4521,84.58,8,1,0,0,5
enzalutamide,464.44400000000013,32,3,1,4,3.992480000000003,76.44,3,2,1,1,11
doxorubicin,543.5250000000003,39,5,6,12,0.0012999999999995793,206.07,5,2,3,1,12
ingenol mebutate,430.5410000000002,31,4,3,6,2.332300000000001,104.06000000000002,3,0,4,2,6
ibutilide,384.58600000000007,26,1,2,4,4.164000000000004,69.64,14,1,0,0,6
temoporfin,680.7640000000002,52,9,6,6,9.760799999999994,138.28,4,7,2,0,8
sertraline,306.236,20,3,1,1,5.179600000000003,12.03,2,2,1,0,3
etoposide,588.5620000000005,42,7,3,13,1.3385999999999993,160.83,5,2,5,3,13
ticagrelor,522.5780000000003,36,5,4,11,2.0136999999999996,138.44,10,3,2,2,13
atomoxetine,255.361,19,2,1,2,3.7246200000000025,21.259999999999998,6,2,0,0,2
mometasone,427.3680000000001,28,4,2,4,3.411500000000002,74.60000000000001,2,0,4,3,6
dabrafenib,519.5740000000002,35,4,2,7,5.364900000000002,110.85999999999999,5,4,0,0,12
galantamine,287.359,21,4,1,4,1.8503000000000003,41.93000000000001,1,1,3,0,4
rofecoxib,314.36199999999997,22,3,0,4,2.5577000000000005,60.44,3,2,1,0,5
ropinirole,260.381,19,2,1,2,2.845700000000001,32.34,7,1,1,0,3
nimodipine,418.44600000000025,30,2,1,8,2.9708000000000014,117.0,8,1,1,0,9
celecoxib,381.3790000000001,26,3,1,4,3.5139200000000015,77.98,3,3,0,0,9
nisoldipine,388.42000000000013,28,2,1,7,3.2018000000000013,107.77,6,1,1,0,8
levofloxacin,361.3730000000001,26,4,1,6,1.544,75.01,2,2,2,1,8
fusidic acid,516.7190000000004,37,4,3,5,5.666100000000006,104.06000000000002,5,0,4,4,6
raltegravir,444.4230000000001,32,3,3,9,0.9115200000000004,152.24,6,3,0,0,12
clonazepam,315.716,22,3,1,4,3.037700000000002,84.6,2,2,1,0,7
clonidine,230.09799999999998,14,2,2,3,2.3645000000000005,36.42,1,1,1,0,5
clomipramine,314.86,22,3,0,2,4.528400000000004,6.48,4,2,1,0,3
eprosartan,424.52200000000016,30,3,2,5,4.744400000000003,92.42,10,3,0,0,7
fluconazole,306.276,22,3,1,7,0.7357999999999993,81.65,5,3,0,0,9
amiodarone,645.3190000000002,31,3,0,4,6.936200000000007,42.68,11,3,0,0,6
nitisinone,329.23,23,2,0,5,2.7346000000000013,94.35,3,1,1,1,9
technetium (99mTc) tetrofosmin,898.8612159999998,51,0,0,8,6.540500000000011,136.84000000000003,38,0,0,0,15
triazolam,343.217,23,4,0,4,4.233520000000002,43.07,1,3,1,0,6
rivaroxaban,435.8890000000001,29,4,1,6,2.5199,88.18,5,2,2,2,10
balsalazide,357.32200000000006,26,2,4,6,2.7103000000000006,148.65,7,2,0,0,9
trabectedin,761.8500000000004,54,10,4,15,3.4132400000000023,168.72,3,3,7,2,15
tamsulosin,408.5200000000001,28,2,2,6,2.3409,99.88,11,2,0,0,8
methylnaltrexone bromide,436.3460000000001,27,6,2,4,-1.3259999999999974,66.76,2,1,5,3,6
epoprostenol,352.471,25,2,3,4,3.4085000000000027,86.99000000000001,10,0,2,2,5
ixabepilone,506.70900000000023,35,3,3,7,4.050520000000002,112.05,2,1,2,2,8
megestrol,342.47900000000016,25,4,1,3,4.004500000000003,54.37,1,0,4,2,3
flutamide,276.21399999999994,19,1,1,3,3.2081000000000017,72.24,3,1,0,0,8
anidulafungin,1140.2540000000001,82,7,14,17,-0.9270999999999889,377.4200000000001,14,4,3,3,24
itraconazole,705.6470000000003,49,7,0,12,5.5773000000000055,104.70000000000002,11,5,2,2,14
adenosine,267.245,19,3,4,9,-1.979999999999999,139.54000000000002,2,2,1,1,9
maprotiline,277.41100000000006,21,5,1,1,4.211400000000004,12.03,4,2,3,0,1
abacavir,286.33900000000006,21,4,3,7,1.0922999999999998,101.88,4,2,2,1,7
roflumilast,403.212,26,3,1,4,5.030900000000003,60.45,7,2,1,1,9
ulipristal,433.59200000000016,32,5,1,4,4.972200000000006,57.61,3,1,4,2,4
alitretinoin,300.44200000000006,22,1,1,1,5.602600000000005,37.3,5,0,1,0,2
tretinoin,300.44200000000006,22,1,1,1,5.602600000000005,37.3,5,0,1,0,2
bendamustine,358.2690000000001,23,2,1,4,3.2646000000000015,58.36,9,2,0,0,7
trametinib,615.403,37,5,2,8,3.940120000000002,107.13,5,4,1,1,11
testosterone,288.43100000000004,21,4,1,2,3.8792000000000035,37.3,0,0,4,3,2
tetrabenazine,317.4290000000001,23,3,0,4,3.238100000000002,38.77,4,1,2,1,4
buspirone,385.5120000000001,28,4,0,6,2.0881999999999996,69.64000000000001,6,1,3,3,7
bupivacaine,288.43500000000006,21,2,1,2,3.8965400000000026,32.34,5,1,1,1,3
bumetanide,364.42300000000006,25,2,3,5,3.036500000000001,118.72,8,2,0,0,8
imiquimod,240.31,18,3,1,4,2.8227,56.730000000000004,2,3,0,0,4
salmeterol,415.57400000000007,30,2,4,5,4.1074000000000055,81.95,16,2,0,0,5
busulfan,246.30599999999998,14,0,0,6,-0.2809999999999997,86.74000000000001,7,0,0,0,8
gemcitabine,263.2,18,2,3,7,-1.2886000000000004,110.60000000000001,2,1,1,1,9
formoterol,344.411,25,2,4,5,2.2232999999999996,90.82000000000001,9,2,0,0,6
levodopa,197.19,14,1,4,4,0.05219999999999969,103.78,3,1,0,0,5
clobazam,300.745,21,3,0,2,3.3712000000000018,40.620000000000005,1,2,1,0,5
orlistat,495.7450000000004,35,1,1,5,6.881900000000007,81.69999999999999,23,0,1,1,6
podophyllotoxin,414.4100000000002,30,5,1,8,2.4092000000000007,92.68,4,2,3,1,8
gadobutrol,604.7150000000001,32,1,3,13,-7.82820000000001,194.04,10,0,1,1,14
quinapril,438.5240000000003,32,3,2,5,2.5671,95.94000000000001,9,2,1,0,7
clobetasone,408.89700000000016,28,4,1,4,3.3504000000000023,71.44,2,0,4,3,6
dexrazoxane,268.27299999999997,19,2,2,6,-2.708299999999996,98.82,3,0,2,2,8
fluocinonide,494.53100000000023,35,5,1,7,2.9376000000000007,99.13000000000001,3,0,5,4,9
rasagiline,171.243,13,2,1,1,1.8967,12.03,2,1,1,0,1
bortezomib,384.2450000000001,28,2,4,6,0.36059999999999875,124.44000000000001,9,2,0,0,9
gonadorelin,1182.3110000000004,85,6,16,15,-4.387400000000027,474.6299999999999,31,4,2,2,30
erlotinib,393.4430000000002,29,3,1,7,3.405100000000002,74.73,10,3,0,0,7
cidofovir,279.18899999999996,18,1,4,7,-1.6617999999999997,147.9,6,1,0,0,10
lenalidomide,259.265,19,3,2,4,0.029799999999999494,92.5,1,1,2,1,6
paracetamol,151.165,11,1,2,2,1.3505999999999998,49.33,1,1,0,0,3
buprenorphine,467.65000000000026,34,8,2,5,4.413800000000005,62.16000000000001,4,1,7,5,5
minocycline,457.4830000000002,33,4,5,9,0.030000000000001803,164.63,3,1,3,1,10
conjugated estrogens,372.41800000000006,25,4,0,5,-0.04519999999999946,83.5,2,1,3,2,7
clozapine,326.8310000000001,23,4,1,4,3.7227000000000023,30.869999999999997,0,2,2,1,5
stavudine,224.216,16,2,2,5,-0.7090800000000002,84.32000000000001,2,1,1,0,6
tasimelteon,245.32199999999995,18,3,1,2,2.2512,38.33,4,1,2,1,3
thalidomide,258.233,19,3,1,4,0.08779999999999943,83.55000000000001,1,1,2,1,6
morphine,285.343,21,5,2,4,1.1981,52.93000000000001,0,1,4,1,4
naproxen,230.26299999999998,17,2,1,2,3.036500000000001,46.53,3,2,0,0,3
clofarabine,303.68100000000004,20,3,3,8,-0.3494000000000003,119.31,2,2,1,1,10
tranexamic acid,157.21300000000002,11,1,2,2,0.8361000000000001,63.32000000000001,2,0,1,1,3
rufinamide,238.19699999999997,17,2,1,4,0.7035,73.8,3,2,0,0,7
tafluprost,452.5380000000001,32,2,2,5,4.683000000000006,75.99000000000001,12,1,1,1,7
cabazitaxel,835.9440000000003,60,6,3,14,4.5678000000000045,202.44999999999996,10,2,4,3,15
aclidinium bromide,564.5670000000002,34,6,1,6,1.6707999999999996,55.760000000000005,9,3,3,3,8
ciclosporin,1202.6349999999982,85,1,5,12,3.2690000000000063,278.8,15,0,1,1,23
